1110.5,-42.979,0,0,-42.979,1110.5,0,0,0,0,5,0,0,0,0,5
1132.1,-19.915,0,0,-19.915,1132.1,0,0,0,0,5,0,0,0,0,5
1115.2,15.919,0,0,15.919,1115.2,0,0,0,0,5,0,0,0,0,5
1116.4,-38.61,0,0,-38.61,1116.4,0,0,0,0,5,0,0,0,0,5
1118.9,-31.061,0,0,-31.061,1118.9,0,0,0,0,5,0,0,0,0,5
1135.7,53.228,0,0,53.228,1135.7,0,0,0,0,5,0,0,0,0,5
2402,-36.413,0,0,-36.413,2402,0,0,0,0,5,0,0,0,0,5
2400.2,-111.02,0,0,-111.02,2400.2,0,0,0,0,5,0,0,0,0,5
2404.8,-84.616,0,0,-84.616,2404.8,0,0,0,0,5,0,0,0,0,5
2408.4,-107.98,0,0,-107.98,2408.4,0,0,0,0,5,0,0,0,0,5
999,999,999,999,999,999,999,999,999,999,999,999,999,999,999,999
999,999,999,999,999,999,999,999,999,999,999,999,999,999,999,999
999,999,999,999,999,999,999,999,999,999,999,999,999,999,999,999
999,999,999,999,999,999,999,999,999,999,999,999,999,999,999,999
999,999,999,999,999,999,999,999,999,999,999,999,999,999,999,999
999,999,999,999,999,999,999,999,999,999,999,999,999,999,999,999
999,999,999,999,999,999,999,999,999,999,999,999,999,999,999,999
999,999,999,999,999,999,999,999,999,999,999,999,999,999,999,999
999,999,999,999,999,999,999,999,999,999,999,999,999,999,999,999
999,999,999,999,999,999,999,999,999,999,999,999,999,999,999,999
999,999,999,999,999,999,999,999,999,999,999,999,999,999,999,999
999,999,999,999,999,999,999,999,999,999,999,999,999,999,999,999
999,999,999,999,999,999,999,999,999,999,999,999,999,999,999,999
999,999,999,999,999,999,999,999,999,999,999,999,999,999,999,999
999,999,999,999,999,999,999,999,999,999,999,999,999,999,999,999
999,999,999,999,999,999,999,999,999,999,999,999,999,999,999,999
999,999,999,999,999,999,999,999,999,999,999,999,999,999,999,999
999,999,999,999,999,999,999,999,999,999,999,999,999,999,999,999
999,999,999,999,999,999,999,999,999,999,999,999,999,999,999,999
999,999,999,999,999,999,999,999,999,999,999,999,999,999,999,999
999,999,999,999,999,999,999,999,999,999,999,999,999,999,999,999
999,999,999,999,999,999,999,999,999,999,999,999,999,999,999,999
999,999,999,999,999,999,999,999,999,999,999,999,999,999,999,999
999,999,999,999,999,999,999,999,999,999,999,999,999,999,999,999
999,999,999,999,999,999,999,999,999,999,999,999,999,999,999,999
999,999,999,999,999,999,999,999,999,999,999,999,999,999,999,999
999,999,999,999,999,999,999,999,999,999,999,999,999,999,999,999
999,999,999,999,999,999,999,999,999,999,999,999,999,999,999,999
999,999,999,999,999,999,999,999,999,999,999,999,999,999,999,999
999,999,999,999,999,999,999,999,999,999,999,999,999,999,999,999
999,999,999,999,999,999,999,999,999,999,999,999,999,999,999,999
999,999,999,999,999,999,999,999,999,999,999,999,999,999,999,999
999,999,999,999,999,999,999,999,999,999,999,999,999,999,999,999
999,999,999,999,999,999,999,999,999,999,999,999,999,999,999,999
999,999,999,999,999,999,999,999,999,999,999,999,999,999,999,999
999,999,999,999,999,999,999,999,999,999,999,999,999,999,999,999
999,999,999,999,999,999,999,999,999,999,999,999,999,999,999,999
999,999,999,999,999,999,999,999,999,999,999,999,999,999,999,999
999,999,999,999,999,999,999,999,999,999,999,999,999,999,999,999
999,999,999,999,999,999,999,999,999,999,999,999,999,999,999,999
999,999,999,999,999,999,999,999,999,999,999,999,999,999,999,999
999,999,999,999,999,999,999,999,999,999,999,999,999,999,999,999
999,999,999,999,999,999,999,999,999,999,999,999,999,999,999,999
999,999,999,999,999,999,999,999,999,999,999,999,999,999,999,999
999,999,999,999,999,999,999,999,999,999,999,999,999,999,999,999
999,999,999,999,999,999,999,999,999,999,999,999,999,999,999,999
999,999,999,999,999,999,999,999,999,999,999,999,999,999,999,999
999,999,999,999,999,999,999,999,999,999,999,999,999,999,999,999
999,999,999,999,999,999,999,999,999,999,999,999,999,999,999,999
999,999,999,999,999,999,999,999,999,999,999,999,999,999,999,999
999,999,999,999,999,999,999,999,999,999,999,999,999,999,999,999
999,999,999,999,999,999,999,999,999,999,999,999,999,999,999,999
999,999,999,999,999,999,999,999,999,999,999,999,999,999,999,999
999,999,999,999,999,999,999,999,999,999,999,999,999,999,999,999
999,999,999,999,999,999,999,999,999,999,999,999,999,999,999,999
999,999,999,999,999,999,999,999,999,999,999,999,999,999,999,999
999,999,999,999,999,999,999,999,999,999,999,999,999,999,999,999
999,999,999,999,999,999,999,999,999,999,999,999,999,999,999,999
999,999,999,999,999,999,999,999,999,999,999,999,999,999,999,999
999,999,999,999,999,999,999,999,999,999,999,999,999,999,999,999
999,999,999,999,999,999,999,999,999,999,999,999,999,999,999,999
999,999,999,999,999,999,999,999,999,999,999,999,999,999,999,999
999,999,999,999,999,999,999,999,999,999,999,999,999,999,999,999
999,999,999,999,999,999,999,999,999,999,999,999,999,999,999,999
999,999,999,999,999,999,999,999,999,999,999,999,999,999,999,999
999,999,999,999,999,999,999,999,999,999,999,999,999,999,999,999
999,999,999,999,999,999,999,999,999,999,999,999,999,999,999,999
999,999,999,999,999,999,999,999,999,999,999,999,999,999,999,999
999,999,999,999,999,999,999,999,999,999,999,999,999,999,999,999
999,999,999,999,999,999,999,999,999,999,999,999,999,999,999,999
999,999,999,999,999,999,999,999,999,999,999,999,999,999,999,999
999,999,999,999,999,999,999,999,999,999,999,999,999,999,999,999
999,999,999,999,999,999,999,999,999,999,999,999,999,999,999,999
999,999,999,999,999,999,999,999,999,999,999,999,999,999,999,999
999,999,999,999,999,999,999,999,999,999,999,999,999,999,999,999
999,999,999,999,999,999,999,999,999,999,999,999,999,999,999,999
999,999,999,999,999,999,999,999,999,999,999,999,999,999,999,999
999,999,999,999,999,999,999,999,999,999,999,999,999,999,999,999
999,999,999,999,999,999,999,999,999,999,999,999,999,999,999,999
999,999,999,999,999,999,999,999,999,999,999,999,999,999,999,999
999,999,999,999,999,999,999,999,999,999,999,999,999,999,999,999
999,999,999,999,999,999,999,999,999,999,999,999,999,999,999,999
999,999,999,999,999,999,999,999,999,999,999,999,999,999,999,999
999,999,999,999,999,999,999,999,999,999,999,999,999,999,999,999
999,999,999,999,999,999,999,999,999,999,999,999,999,999,999,999
999,999,999,999,999,999,999,999,999,999,999,999,999,999,999,999
999,999,999,999,999,999,999,999,999,999,999,999,999,999,999,999
999,999,999,999,999,999,999,999,999,999,999,999,999,999,999,999
999,999,999,999,999,999,999,999,999,999,999,999,999,999,999,999
999,999,999,999,999,999,999,999,999,999,999,999,999,999,999,999
999,999,999,999,999,999,999,999,999,999,999,999,999,999,999,999
999,999,999,999,999,999,999,999,999,999,999,999,999,999,999,999
999,999,999,999,999,999,999,999,999,999,999,999,999,999,999,999
999,999,999,999,999,999,999,999,999,999,999,999,999,999,999,999
999,999,999,999,999,999,999,999,999,999,999,999,999,999,999,999
999,999,999,999,999,999,999,999,999,999,999,999,999,999,999,999
999,999,999,999,999,999,999,999,999,999,999,999,999,999,999,999
999,999,999,999,999,999,999,999,999,999,999,999,999,999,999,999
999,999,999,999,999,999,999,999,999,999,999,999,999,999,999,999
999,999,999,999,999,999,999,999,999,999,999,999,999,999,999,999
999,999,999,999,999,999,999,999,999,999,999,999,999,999,999,999
999,999,999,999,999,999,999,999,999,999,999,999,999,999,999,999
999,999,999,999,999,999,999,999,999,999,999,999,999,999,999,999
999,999,999,999,999,999,999,999,999,999,999,999,999,999,999,999
999,999,999,999,999,999,999,999,999,999,999,999,999,999,999,999
999,999,999,999,999,999,999,999,999,999,999,999,999,999,999,999
999,999,999,999,999,999,999,999,999,999,999,999,999,999,999,999
999,999,999,999,999,999,999,999,999,999,999,999,999,999,999,999
999,999,999,999,999,999,999,999,999,999,999,999,999,999,999,999
999,999,999,999,999,999,999,999,999,999,999,999,999,999,999,999
999,999,999,999,999,999,999,999,999,999,999,999,999,999,999,999
999,999,999,999,999,999,999,999,999,999,999,999,999,999,999,999
999,999,999,999,999,999,999,999,999,999,999,999,999,999,999,999
999,999,999,999,999,999,999,999,999,999,999,999,999,999,999,999
999,999,999,999,999,999,999,999,999,999,999,999,999,999,999,999
999,999,999,999,999,999,999,999,999,999,999,999,999,999,999,999
999,999,999,999,999,999,999,999,999,999,999,999,999,999,999,999
999,999,999,999,999,999,999,999,999,999,999,999,999,999,999,999
999,999,999,999,999,999,999,999,999,999,999,999,999,999,999,999
999,999,999,999,999,999,999,999,999,999,999,999,999,999,999,999
999,999,999,999,999,999,999,999,999,999,999,999,999,999,999,999
999,999,999,999,999,999,999,999,999,999,999,999,999,999,999,999
999,999,999,999,999,999,999,999,999,999,999,999,999,999,999,999
999,999,999,999,999,999,999,999,999,999,999,999,999,999,999,999
999,999,999,999,999,999,999,999,999,999,999,999,999,999,999,999
999,999,999,999,999,999,999,999,999,999,999,999,999,999,999,999
999,999,999,999,999,999,999,999,999,999,999,999,999,999,999,999
999,999,999,999,999,999,999,999,999,999,999,999,999,999,999,999
999,999,999,999,999,999,999,999,999,999,999,999,999,999,999,999
999,999,999,999,999,999,999,999,999,999,999,999,999,999,999,999
999,999,999,999,999,999,999,999,999,999,999,999,999,999,999,999
999,999,999,999,999,999,999,999,999,999,999,999,999,999,999,999
999,999,999,999,999,999,999,999,999,999,999,999,999,999,999,999
999,999,999,999,999,999,999,999,999,999,999,999,999,999,999,999
999,999,999,999,999,999,999,999,999,999,999,999,999,999,999,999
999,999,999,999,999,999,999,999,999,999,999,999,999,999,999,999
999,999,999,999,999,999,999,999,999,999,999,999,999,999,999,999
999,999,999,999,999,999,999,999,999,999,999,999,999,999,999,999
999,999,999,999,999,999,999,999,999,999,999,999,999,999,999,999
999,999,999,999,999,999,999,999,999,999,999,999,999,999,999,999
999,999,999,999,999,999,999,999,999,999,999,999,999,999,999,999
999,999,999,999,999,999,999,999,999,999,999,999,999,999,999,999
999,999,999,999,999,999,999,999,999,999,999,999,999,999,999,999
999,999,999,999,999,999,999,999,999,999,999,999,999,999,999,999
999,999,999,999,999,999,999,999,999,999,999,999,999,999,999,999
999,999,999,999,999,999,999,999,999,999,999,999,999,999,999,999
999,999,999,999,999,999,999,999,999,999,999,999,999,999,999,999
999,999,999,999,999,999,999,999,999,999,999,999,999,999,999,999
999,999,999,999,999,999,999,999,999,999,999,999,999,999,999,999
999,999,999,999,999,999,999,999,999,999,999,999,999,999,999,999
999,999,999,999,999,999,999,999,999,999,999,999,999,999,999,999
999,999,999,999,999,999,999,999,999,999,999,999,999,999,999,999
999,999,999,999,999,999,999,999,999,999,999,999,999,999,999,999
999,999,999,999,999,999,999,999,999,999,999,999,999,999,999,999
999,999,999,999,999,999,999,999,999,999,999,999,999,999,999,999
999,999,999,999,999,999,999,999,999,999,999,999,999,999,999,999
999,999,999,999,999,999,999,999,999,999,999,999,999,999,999,999
999,999,999,999,999,999,999,999,999,999,999,999,999,999,999,999
999,999,999,999,999,999,999,999,999,999,999,999,999,999,999,999
999,999,999,999,999,999,999,999,999,999,999,999,999,999,999,999
999,999,999,999,999,999,999,999,999,999,999,999,999,999,999,999
999,999,999,999,999,999,999,999,999,999,999,999,999,999,999,999
999,999,999,999,999,999,999,999,999,999,999,999,999,999,999,999
999,999,999,999,999,999,999,999,999,999,999,999,999,999,999,999
999,999,999,999,999,999,999,999,999,999,999,999,999,999,999,999
999,999,999,999,999,999,999,999,999,999,999,999,999,999,999,999
999,999,999,999,999,999,999,999,999,999,999,999,999,999,999,999
999,999,999,999,999,999,999,999,999,999,999,999,999,999,999,999
999,999,999,999,999,999,999,999,999,999,999,999,999,999,999,999
999,999,999,999,999,999,999,999,999,999,999,999,999,999,999,999
999,999,999,999,999,999,999,999,999,999,999,999,999,999,999,999
999,999,999,999,999,999,999,999,999,999,999,999,999,999,999,999
999,999,999,999,999,999,999,999,999,999,999,999,999,999,999,999
999,999,999,999,999,999,999,999,999,999,999,999,999,999,999,999
999,999,999,999,999,999,999,999,999,999,999,999,999,999,999,999
999,999,999,999,999,999,999,999,999,999,999,999,999,999,999,999
999,999,999,999,999,999,999,999,999,999,999,999,999,999,999,999
999,999,999,999,999,999,999,999,999,999,999,999,999,999,999,999
999,999,999,999,999,999,999,999,999,999,999,999,999,999,999,999
999,999,999,999,999,999,999,999,999,999,999,999,999,999,999,999
999,999,999,999,999,999,999,999,999,999,999,999,999,999,999,999
999,999,999,999,999,999,999,999,999,999,999,999,999,999,999,999
999,999,999,999,999,999,999,999,999,999,999,999,999,999,999,999
999,999,999,999,999,999,999,999,999,999,999,999,999,999,999,999
999,999,999,999,999,999,999,999,999,999,999,999,999,999,999,999
999,999,999,999,999,999,999,999,999,999,999,999,999,999,999,999
999,999,999,999,999,999,999,999,999,999,999,999,999,999,999,999
999,999,999,999,999,999,999,999,999,999,999,999,999,999,999,999
999,999,999,999,999,999,999,999,999,999,999,999,999,999,999,999
999,999,999,999,999,999,999,999,999,999,999,999,999,999,999,999
999,999,999,999,999,999,999,999,999,999,999,999,999,999,999,999
999,999,999,999,999,999,999,999,999,999,999,999,999,999,999,999
999,999,999,999,999,999,999,999,999,999,999,999,999,999,999,999
999,999,999,999,999,999,999,999,999,999,999,999,999,999,999,999
999,999,999,999,999,999,999,999,999,999,999,999,999,999,999,999
999,999,999,999,999,999,999,999,999,999,999,999,999,999,999,999
999,999,999,999,999,999,999,999,999,999,999,999,999,999,999,999
999,999,999,999,999,999,999,999,999,999,999,999,999,999,999,999
999,999,999,999,999,999,999,999,999,999,999,999,999,999,999,999
999,999,999,999,999,999,999,999,999,999,999,999,999,999,999,999
999,999,999,999,999,999,999,999,999,999,999,999,999,999,999,999
999,999,999,999,999,999,999,999,999,999,999,999,999,999,999,999
999,999,999,999,999,999,999,999,999,999,999,999,999,999,999,999
999,999,999,999,999,999,999,999,999,999,999,999,999,999,999,999
999,999,999,999,999,999,999,999,999,999,999,999,999,999,999,999
999,999,999,999,999,999,999,999,999,999,999,999,999,999,999,999
999,999,999,999,999,999,999,999,999,999,999,999,999,999,999,999
999,999,999,999,999,999,999,999,999,999,999,999,999,999,999,999
999,999,999,999,999,999,999,999,999,999,999,999,999,999,999,999
999,999,999,999,999,999,999,999,999,999,999,999,999,999,999,999
999,999,999,999,999,999,999,999,999,999,999,999,999,999,999,999
999,999,999,999,999,999,999,999,999,999,999,999,999,999,999,999
999,999,999,999,999,999,999,999,999,999,999,999,999,999,999,999
999,999,999,999,999,999,999,999,999,999,999,999,999,999,999,999
999,999,999,999,999,999,999,999,999,999,999,999,999,999,999,999
999,999,999,999,999,999,999,999,999,999,999,999,999,999,999,999
999,999,999,999,999,999,999,999,999,999,999,999,999,999,999,999
999,999,999,999,999,999,999,999,999,999,999,999,999,999,999,999
999,999,999,999,999,999,999,999,999,999,999,999,999,999,999,999
999,999,999,999,999,999,999,999,999,999,999,999,999,999,999,999
999,999,999,999,999,999,999,999,999,999,999,999,999,999,999,999
999,999,999,999,999,999,999,999,999,999,999,999,999,999,999,999
999,999,999,999,999,999,999,999,999,999,999,999,999,999,999,999
999,999,999,999,999,999,999,999,999,999,999,999,999,999,999,999
999,999,999,999,999,999,999,999,999,999,999,999,999,999,999,999
999,999,999,999,999,999,999,999,999,999,999,999,999,999,999,999
999,999,999,999,999,999,999,999,999,999,999,999,999,999,999,999
999,999,999,999,999,999,999,999,999,999,999,999,999,999,999,999
999,999,999,999,999,999,999,999,999,999,999,999,999,999,999,999
999,999,999,999,999,999,999,999,999,999,999,999,999,999,999,999
999,999,999,999,999,999,999,999,999,999,999,999,999,999,999,999
999,999,999,999,999,999,999,999,999,999,999,999,999,999,999,999
999,999,999,999,999,999,999,999,999,999,999,999,999,999,999,999
999,999,999,999,999,999,999,999,999,999,999,999,999,999,999,999
999,999,999,999,999,999,999,999,999,999,999,999,999,999,999,999
999,999,999,999,999,999,999,999,999,999,999,999,999,999,999,999
999,999,999,999,999,999,999,999,999,999,999,999,999,999,999,999
999,999,999,999,999,999,999,999,999,999,999,999,999,999,999,999
999,999,999,999,999,999,999,999,999,999,999,999,999,999,999,999
999,999,999,999,999,999,999,999,999,999,999,999,999,999,999,999
999,999,999,999,999,999,999,999,999,999,999,999,999,999,999,999
999,999,999,999,999,999,999,999,999,999,999,999,999,999,999,999
999,999,999,999,999,999,999,999,999,999,999,999,999,999,999,999
999,999,999,999,999,999,999,999,999,999,999,999,999,999,999,999
999,999,999,999,999,999,999,999,999,999,999,999,999,999,999,999
999,999,999,999,999,999,999,999,999,999,999,999,999,999,999,999
999,999,999,999,999,999,999,999,999,999,999,999,999,999,999,999
999,999,999,999,999,999,999,999,999,999,999,999,999,999,999,999
999,999,999,999,999,999,999,999,999,999,999,999,999,999,999,999
999,999,999,999,999,999,999,999,999,999,999,999,999,999,999,999
999,999,999,999,999,999,999,999,999,999,999,999,999,999,999,999
999,999,999,999,999,999,999,999,999,999,999,999,999,999,999,999
999,999,999,999,999,999,999,999,999,999,999,999,999,999,999,999
999,999,999,999,999,999,999,999,999,999,999,999,999,999,999,999
999,999,999,999,999,999,999,999,999,999,999,999,999,999,999,999
999,999,999,999,999,999,999,999,999,999,999,999,999,999,999,999
999,999,999,999,999,999,999,999,999,999,999,999,999,999,999,999
999,999,999,999,999,999,999,999,999,999,999,999,999,999,999,999
999,999,999,999,999,999,999,999,999,999,999,999,999,999,999,999
999,999,999,999,999,999,999,999,999,999,999,999,999,999,999,999
999,999,999,999,999,999,999,999,999,999,999,999,999,999,999,999
999,999,999,999,999,999,999,999,999,999,999,999,999,999,999,999
999,999,999,999,999,999,999,999,999,999,999,999,999,999,999,999
999,999,999,999,999,999,999,999,999,999,999,999,999,999,999,999
999,999,999,999,999,999,999,999,999,999,999,999,999,999,999,999
999,999,999,999,999,999,999,999,999,999,999,999,999,999,999,999
999,999,999,999,999,999,999,999,999,999,999,999,999,999,999,999
999,999,999,999,999,999,999,999,999,999,999,999,999,999,999,999
999,999,999,999,999,999,999,999,999,999,999,999,999,999,999,999
999,999,999,999,999,999,999,999,999,999,999,999,999,999,999,999
999,999,999,999,999,999,999,999,999,999,999,999,999,999,999,999
999,999,999,999,999,999,999,999,999,999,999,999,999,999,999,999
999,999,999,999,999,999,999,999,999,999,999,999,999,999,999,999
999,999,999,999,999,999,999,999,999,999,999,999,999,999,999,999
999,999,999,999,999,999,999,999,999,999,999,999,999,999,999,999
999,999,999,999,999,999,999,999,999,999,999,999,999,999,999,999
999,999,999,999,999,999,999,999,999,999,999,999,999,999,999,999
999,999,999,999,999,999,999,999,999,999,999,999,999,999,999,999
999,999,999,999,999,999,999,999,999,999,999,999,999,999,999,999
999,999,999,999,999,999,999,999,999,999,999,999,999,999,999,999
999,999,999,999,999,999,999,999,999,999,999,999,999,999,999,999
999,999,999,999,999,999,999,999,999,999,999,999,999,999,999,999
999,999,999,999,999,999,999,999,999,999,999,999,999,999,999,999
999,999,999,999,999,999,999,999,999,999,999,999,999,999,999,999
999,999,999,999,999,999,999,999,999,999,999,999,999,999,999,999
999,999,999,999,999,999,999,999,999,999,999,999,999,999,999,999
999,999,999,999,999,999,999,999,999,999,999,999,999,999,999,999
999,999,999,999,999,999,999,999,999,999,999,999,999,999,999,999
999,999,999,999,999,999,999,999,999,999,999,999,999,999,999,999
999,999,999,999,999,999,999,999,999,999,999,999,999,999,999,999
999,999,999,999,999,999,999,999,999,999,999,999,999,999,999,999
999,999,999,999,999,999,999,999,999,999,999,999,999,999,999,999
999,999,999,999,999,999,999,999,999,999,999,999,999,999,999,999
999,999,999,999,999,999,999,999,999,999,999,999,999,999,999,999
999,999,999,999,999,999,999,999,999,999,999,999,999,999,999,999
999,999,999,999,999,999,999,999,999,999,999,999,999,999,999,999
999,999,999,999,999,999,999,999,999,999,999,999,999,999,999,999
999,999,999,999,999,999,999,999,999,999,999,999,999,999,999,999
999,999,999,999,999,999,999,999,999,999,999,999,999,999,999,999
999,999,999,999,999,999,999,999,999,999,999,999,999,999,999,999
999,999,999,999,999,999,999,999,999,999,999,999,999,999,999,999
999,999,999,999,999,999,999,999,999,999,999,999,999,999,999,999
999,999,999,999,999,999,999,999,999,999,999,999,999,999,999,999
999,999,999,999,999,999,999,999,999,999,999,999,999,999,999,999
999,999,999,999,999,999,999,999,999,999,999,999,999,999,999,999
999,999,999,999,999,999,999,999,999,999,999,999,999,999,999,999
999,999,999,999,999,999,999,999,999,999,999,999,999,999,999,999
999,999,999,999,999,999,999,999,999,999,999,999,999,999,999,999
999,999,999,999,999,999,999,999,999,999,999,999,999,999,999,999
999,999,999,999,999,999,999,999,999,999,999,999,999,999,999,999
999,999,999,999,999,999,999,999,999,999,999,999,999,999,999,999
999,999,999,999,999,999,999,999,999,999,999,999,999,999,999,999
999,999,999,999,999,999,999,999,999,999,999,999,999,999,999,999
999,999,999,999,999,999,999,999,999,999,999,999,999,999,999,999
999,999,999,999,999,999,999,999,999,999,999,999,999,999,999,999
999,999,999,999,999,999,999,999,999,999,999,999,999,999,999,999
999,999,999,999,999,999,999,999,999,999,999,999,999,999,999,999
999,999,999,999,999,999,999,999,999,999,999,999,999,999,999,999
999,999,999,999,999,999,999,999,999,999,999,999,999,999,999,999
999,999,999,999,999,999,999,999,999,999,999,999,999,999,999,999
999,999,999,999,999,999,999,999,999,999,999,999,999,999,999,999
999,999,999,999,999,999,999,999,999,999,999,999,999,999,999,999
999,999,999,999,999,999,999,999,999,999,999,999,999,999,999,999
999,999,999,999,999,999,999,999,999,999,999,999,999,999,999,999
999,999,999,999,999,999,999,999,999,999,999,999,999,999,999,999
999,999,999,999,999,999,999,999,999,999,999,999,999,999,999,999
999,999,999,999,999,999,999,999,999,999,999,999,999,999,999,999
999,999,999,999,999,999,999,999,999,999,999,999,999,999,999,999
999,999,999,999,999,999,999,999,999,999,999,999,999,999,999,999
999,999,999,999,999,999,999,999,999,999,999,999,999,999,999,999
999,999,999,999,999,999,999,999,999,999,999,999,999,999,999,999
999,999,999,999,999,999,999,999,999,999,999,999,999,999,999,999
999,999,999,999,999,999,999,999,999,999,999,999,999,999,999,999
999,999,999,999,999,999,999,999,999,999,999,999,999,999,999,999
999,999,999,999,999,999,999,999,999,999,999,999,999,999,999,999
999,999,999,999,999,999,999,999,999,999,999,999,999,999,999,999
999,999,999,999,999,999,999,999,999,999,999,999,999,999,999,999
999,999,999,999,999,999,999,999,999,999,999,999,999,999,999,999
999,999,999,999,999,999,999,999,999,999,999,999,999,999,999,999
999,999,999,999,999,999,999,999,999,999,999,999,999,999,999,999
999,999,999,999,999,999,999,999,999,999,999,999,999,999,999,999
999,999,999,999,999,999,999,999,999,999,999,999,999,999,999,999
999,999,999,999,999,999,999,999,999,999,999,999,999,999,999,999
999,999,999,999,999,999,999,999,999,999,999,999,999,999,999,999
999,999,999,999,999,999,999,999,999,999,999,999,999,999,999,999
999,999,999,999,999,999,999,999,999,999,999,999,999,999,999,999
999,999,999,999,999,999,999,999,999,999,999,999,999,999,999,999
999,999,999,999,999,999,999,999,999,999,999,999,999,999,999,999
999,999,999,999,999,999,999,999,999,999,999,999,999,999,999,999
999,999,999,999,999,999,999,999,999,999,999,999,999,999,999,999
